file_name,url
lion_cache_1.jpg,https://www.liontravel.com/Comm/2TRS/HotSale/photo/01/AE369-3.jpg
lion_cache_2.jpg,https://www.liontravel.com/Comm/2TRS/HotSale/photo/01/20150405.jpg
lion_cache_3.jpg,https://www.liontravel.com/Comm/2trs/hotsale/photo/01/20160329-usa-Wi-Fi.jpg
lion_cache_4.jpg,https://www.liontravel.com/Comm/2TRS/HotSale/photo/01/20161201_1.jpg
lion_cache_5.jpg,https://www.liontravel.com/Comm/2TRS/HotSale/photo/01/20150210.jpg
lion_cache_6.jpg,https://www.liontravel.com/Comm/2TRS/HotSale/photo/01/20160601USA.jpg
lion_cache_7.jpg,https://www.liontravel.com/Comm/2TRS/HotSale/photo/01/20151203.jpg
lion_cache_8.jpg,http://www.liontravel.com/Comm/2TRS/HotSale/photo/01/20170215_5.jpg
lion_cache_9.jpg,https://www.liontravel.com/Comm/2TRS/HotSale/photo/01/2016wn6000.jpg
lion_cache_10.jpg,http://www.liontravel.com/Comm/2TRS/HotSale/photo/01/20170309_1.jpg
lion_cache_11.jpg,https://www.liontravel.com/Comm/2TRS/HotSale/photo/01/20150620.jpg
lion_cache_12.jpg,https://www.liontravel.com/Comm/2trs/hotsale/photo/03/20160223_Wi-Fi.jpg
lion_cache_13.jpg,https://www.liontravel.com/Comm/2TRS/HotSale/photo/02/20170320_3.jpg
lion_cache_14.jpg,https://www.liontravel.com/Comm/2TRS/HotSale/photo/01/2016wn10000.jpg
lion_cache_15.jpg,https://www.liontravel.com/Comm/2TRS/HotSale/photo/01/2016cn10000.jpg
lion_cache_16.jpg,http://www.liontravel.com/Comm/2TRS/HotSale/photo/01/20171106_jetfi.jpg
lion_cache_17.jpg,https://www.liontravel.com/Comm/2khh/photo/03/20170421.jpg
lion_cache_18.jpg,https://www.liontravel.com/Comm/2TRS/HotSale/photo/01/20141111.jpg
lion_cache_19.jpg,https://www.liontravel.com/Comm/2khh/photo/03/20170704.jpg
lion_cache_20.jpg,https://www.liontravel.com/Comm/2TRS/HotSale/photo/06/HeadphonesNavigation.jpg
lion_cache_21.jpg,https://www.liontravel.com/Comm/2TRS/HotSale/photo/06/2017WinterVacationEvent.jpg
lion_cache_22.jpg,https://www.liontravel.com/Comm/2TRS/HotSale/photo/golden2014.jpg
lion_cache_23.jpg,https://www.liontravel.com/Comm/2khh/photo/07/20160523_china01.jpg
lion_cache_24.jpg,https://www.liontravel.com/Comm/2khh/5/photo/20150605_880_1.jpg
lion_cache_25.jpg,https://www.liontravel.com/Comm/2TRS/HotSale/photo/06/2017SummerMoutainWater.jpg
lion_cache_26.jpg,https://www.liontravel.com/Comm/2khh/5/photo/20160503.jpg
lion_cache_27.jpg,https://www.liontravel.com/Comm/2TRS/HotSale/photo/06/TeacherChildEvent2015.jpg
lion_cache_28.jpg,https://www.liontravel.com/Comm/2khh/photo/05/20170711.jpg
lion_cache_29.jpg,http://www.liontravel.com/Comm/2TRS/HotSale/photo/06/20140515.jpg
lion_cache_30.jpg,https://www.liontravel.com/Comm/2khh/photo/05/20170711-2.jpg
lion_cache_31.gif,http://www.liontravel.com/Comm/2TRS/HotSale/photo/06/20121011.gif
lion_cache_32.jpg,https://www.liontravel.com/Comm/2khh/photo/05/2017-chi-wn.jpg
lion_cache_33.jpg,https://www.liontravel.com/Comm/2khh/photo/05/2017cny.jpg
lion_cache_34.jpg,https://www.liontravel.com/Comm/2TRS/HotSale/photo/06/2017DisneySummer.jpg
lion_cache_35.jpg,https://www.liontravel.com/Comm/2khh/photo/hot/20160907-880.jpg
lion_cache_36.jpg,https://www.liontravel.com/Comm/2khh/photo/05/20170822-5.jpg
lion_cache_37.jpg,https://www.liontravel.com/Comm/2TRS/HotSale/photo/06/HenanLandscape20161124.jpg
lion_cache_38.jpg,http://www.liontravel.com/Comm/2TRS/HotSale/photo/06/20130221.jpg
lion_cache_39.jpg,http://blog.liontravel.com/resserver.aspx?blogId=13010&resource=805349-M1.jpg
lion_cache_40.gif,http://www.liontravel.com/Comm/2TRS/HotSale/photo/06/20130422-8.gif
lion_cache_41.jpg,https://www.liontravel.com/Comm/2TRS/HotSale/photo/hk_86/hk_MICE20171003.jpg
lion_cache_42.gif,https://www.liontravel.com/Comm/2khh/photo/05/20140428.gif
lion_cache_43.jpg,https://www.liontravel.com/Comm/2TRS/HotSale/photo/86/hk_170601-1.jpg
lion_cache_44.jpg,https://www.liontravel.com/Comm/2TRS/HotSale/photo/86/hk_170427-1.jpg
lion_cache_45.jpg,http://www.liontravel.com/Comm/2TRS/HotSale/photo/06/20130320.jpg
lion_cache_46.jpg,https://www.liontravel.com/Comm/2khh/photo/05/20170622.jpg
lion_cache_47.jpg,https://www.liontravel.com/Comm/2TRS/HotSale/photo/06/GoldAward2017.jpg
lion_cache_48.jpg,https://www.liontravel.com/Comm/2khh/photo/05/tibet_02.jpg
lion_cache_49.jpg,http://www.liontravel.com/Comm/2TRS/HotSale/photo/06/20110810_8403.jpg
lion_cache_50.jpg,http://www.liontravel.com/Comm/2TRS/HotSale/photo/06/0609041702.jpg
lion_cache_51.jpg,https://www.liontravel.com/Comm/2TRS/HotSale/photo/06/FavouritesChina2.jpg
lion_cache_52.jpg,https://www.liontravel.com/Comm/2khh/5/photo/Jiuzhaigou-1.jpg
lion_cache_53.jpg,https://www.liontravel.com/Comm/2TRS/HotSale/photo/06/20160112_0603.jpg
lion_cache_54.jpg,https://www.liontravel.com/Comm/2TRS/HotSale/photo/06/FavouritesChina.jpg
lion_cache_55.jpg,http://www.liontravel.com/Comm/2TRS/HotSale/photo/06/090304-9.jpg
lion_cache_56.jpg,http://www.liontravel.com/Comm/2TRS/HotSale/photo/06/06020507.jpg
lion_cache_57.gif,http://www.liontravel.com/Comm/2TRS/HotSale/photo/06/20110127_0603.gif
lion_cache_58.jpg,https://www.liontravel.com/Comm/2khh/photo/05/20170829-6.jpg
lion_cache_59.jpg,https://www.liontravel.com/Comm/2khh/photo/05/20171207.jpg
lion_cache_60.jpg,https://www.liontravel.com/Comm/2TRS/HotSale/photo/06/YunnanTerracedFields2.jpg
lion_cache_61.jpg,https://www.liontravel.com/Comm/2khh/photo/05/20171101.jpg
lion_cache_62.jpg,https://www.liontravel.com/Comm/2TRS/HotSale/photo/87/macau_150911-1.jpg
lion_cache_63.jpg,https://www.liontravel.com/Comm/2TRS/HotSale/photo/87/MACAU_170308.jpg
lion_cache_64.jpg,https://www.liontravel.com/Comm/2TRS/HotSale/photo/87/macau_170418.jpg
lion_cache_65.gif,http://www.liontravel.com/Comm/2TRS/HotSale/photo/06/20130423-2.gif
lion_cache_66.jpg,http://www.liontravel.com/Comm/2TRS/HotSale/photo/06/20120215_02.jpg
lion_cache_67.jpg,https://www.liontravel.com/Comm/2TRS/HotSale/photo/06/20131028.jpg
lion_cache_68.jpg,https://www.liontravel.com/Comm/2TRS/HotSale/photo/06/MustGoSilkRoad.jpg
lion_cache_69.jpg,https://www.liontravel.com/Comm/2TRS/HotSale/photo/06/MustGoXinjiang.jpg
lion_cache_70.jpg,https://www.liontravel.com/Comm/2TRS/HotSale/photo/06/SilkRoad640.jpg
lion_cache_71.jpg,https://www.liontravel.com/Comm/2TRS/HotSale/photo/06/XinjiangSilkRoadKate.jpg
lion_cache_72.jpg,https://www.liontravel.com/Comm/2TRS/HotSale/photo/04/20170314_EVA_Eliteclass.jpg
lion_cache_73.jpg,https://www.liontravel.com/Comm/2TRS/HotSale/photo/04/20160812_paris.jpg
lion_cache_74.jpg,https://www.liontravel.com/Comm/2TRS/HotSale/photo/04/A350.jpg
lion_cache_75.jpg,https://www.liontravel.com/Comm/2TRS/HotSale/photo/04/20160909_xmas.jpg
lion_cache_76.gif,https://www.liontravel.com/Comm/2TRS/HotSale/photo/04/IT_Pisa_CI.gif
lion_cache_77.jpg,https://www.liontravel.com/Comm/2TRS/HotSale/photo/04/20151116-wifi.jpg
lion_cache_78.jpg,https://www.liontravel.com/Comm/2TRS/HotSale/photo/04/20170712_CI.jpg
lion_cache_79.jpg,https://www.liontravel.com/Comm/2TRS/HotSale/photo/04/20160801_spainmap.jpg
lion_cache_80.jpg,https://www.liontravel.com/Comm/2TRS/HotSale/photo/04/20160506-1.jpg
lion_cache_81.jpg,https://www.liontravel.com/Comm/2TRS/HotSale/photo/04/20170216_spainmap.jpg
lion_cache_82.jpg,https://www.liontravel.com/Comm/2TRS/HotSale/photo/04/20170315_SP_map.jpg
lion_cache_83.jpg,https://www.liontravel.com/Comm/2TRS/HotSale/photo/04/20170217_spain_map.jpg
lion_cache_84.jpg,http://www.liontravel.com/Comm/2TRS/HotSale/photo/04/IT_ROME.jpg
lion_cache_85.jpg,https://www.liontravel.com/Comm/2TRS/HotSale/photo/04/20150805.jpg
lion_cache_86.jpg,https://www.liontravel.com/Comm/2TRS/HotSale/photo/04/20150420.jpg
lion_cache_87.jpg,http://www.liontravel.com/Comm/2TRS/HotSale/photo/04/20171120_Jetfi.jpg
lion_cache_88.jpg,https://www.liontravel.com/Comm/2TRS/HotSale/photo/07/20141017WNJP.jpg
lion_cache_89.jpg,https://www.liontravel.com/Comm/2khh/photo/06/20170628.jpg
lion_cache_90.jpg,https://www.liontravel.com/Comm/2TRS/HotSale/photo/07/20160823BIGHART.jpg
lion_cache_91.jpg,https://www.liontravel.com/Comm/2TRS/HotSale/photo/07/727x402_Pagoda_0503.jpg
lion_cache_92.jpg,https://www.liontravel.com/Comm/2TRS/HotSale/photo/07/20170105HITO.jpg
lion_cache_93.jpg,https://www.liontravel.com/Comm/2TRS/HotSale/photo/07/FUK2014061001.jpg
lion_cache_94.jpg,https://www.liontravel.com/Comm/2TRS/HotSale/photo/07/20161014_CNY.jpg
lion_cache_95.jpg,https://www.liontravel.com/Comm/2TRS/HotSale/photo/07/fuk_asoboy2014.jpg
lion_cache_96.jpg,https://www.liontravel.com/Comm/2TRS/HotSale/photo/07/20161014_2017CNY.jpg
lion_cache_97.jpg,https://www.liontravel.com/Comm/2TRS/HotSale/photo/07/20161026Miyazaki.jpg
lion_cache_98.jpg,https://www.liontravel.com/Comm/2khh/photo/06/20161014.jpg
lion_cache_99.jpg,https://www.liontravel.com/Comm/2TRS/HotSale/photo/07/20160604_HTB_LIGHT.jpg
lion_cache_100.jpg,https://www.liontravel.com/Comm/2TRS/HotSale/photo/07/727x500_Sakura.jpg
lion_cache_101.jpg,https://www.liontravel.com/Comm/2TRS/HotSale/photo/07/20150908_JF.jpg
lion_cache_102.jpg,https://www.liontravel.com/Comm/2TRS/HotSale/photo/07/20170308ASOBOY.jpg
lion_cache_103.jpg,https://www.liontravel.com/Comm/2TRS/HotSale/photo/07/20170407_Yufu.jpg
lion_cache_104.jpg,https://www.liontravel.com/Comm/2TRS/HotSale/photo/07/20161017_sjp05kk171.jpg
lion_cache_105.jpg,https://www.liontravel.com/Comm/2TRS/HotSale/photo/07/20161215WATER.jpg
lion_cache_106.jpg,https://www.liontravel.com/Comm/2TRS/HotSale/photo/07/JP_20150305.jpg
lion_cache_107.jpg,https://www.liontravel.com/Comm/2TRS/HotSale/photo/07/20161209HSBROSE.jpg
lion_cache_108.jpg,http://www.liontravel.com/Comm/2TRS/HotSale/photo/07/Kyushu_090413-2.jpg
lion_cache_109.jpg,https://www.liontravel.com/Comm/2TRS/HotSale/photo/07/20170321.jpg
lion_cache_110.jpg,https://www.liontravel.com/Comm/2khh/photo/06/20160324_2_727.jpg
lion_cache_111.jpg,https://www.liontravel.com/Comm/2TRS/HotSale/photo/07/20170726_sonic.jpg
lion_cache_112.jpg,https://www.liontravel.com/Comm/2TRS/HotSale/photo/07/20161005miyazaki-city.jpg
lion_cache_113.jpg,https://www.liontravel.com/Comm/2TRS/HotSale/photo/07/20170905_SNOW.jpg
lion_cache_114.jpg,https://www.liontravel.com/Comm/2TRS/HotSale/photo/07/20160504_WiFi.jpg
lion_cache_115.jpg,https://www.liontravel.com/Comm/2TRS/HotSale/photo/07/20160722_hokkaido_winter.jpg
lion_cache_116.jpg,https://www.liontravel.com/Comm/2TRS/HotSale/photo/07/20160926FUNSKI.jpg
lion_cache_117.jpg,https://www.liontravel.com/Comm/2TRS/HotSale/photo/07/20161014_2017CNY_HO.jpg
lion_cache_118.jpg,https://www.liontravel.com/Comm/2TRS/HotSale/photo/07/20160901_abashiri.jpg
lion_cache_119.jpg,https://www.liontravel.com/Comm/2TRS/HotSale/photo/07/2016_JH_shibazakura.jpg
lion_cache_120.jpg,https://www.liontravel.com/Comm/2TRS/HotSale/photo/07/20151125JH.jpg
lion_cache_121.jpg,https://www.liontravel.com/Comm/2TRS/HotSale/photo/07/20180129_Wisteria.jpg
lion_cache_122.jpg,https://www.liontravel.com/Comm/2TRS/HotSale/photo/07/20170103_Wisteria.jpg
lion_cache_123.jpg,https://www.liontravel.com/Comm/2TRS/HotSale/photo/07/20170216Lavandula.jpg
lion_cache_124.jpg,https://www.liontravel.com/Comm/2TRS/HotSale/photo/07/20160304lake_akan.jpg
lion_cache_125.JPG,http://www.liontravel.com/Comm/2TRS/HotSale/photo/07/Hakodate_20110322.JPG
lion_cache_126.jpg,https://www.liontravel.com/Comm/2TRS/HotSale/photo/07/20161116_727x402_ecorinvillage.jpg
lion_cache_127.jpg,https://www.liontravel.com/Comm/2TRS/HotSale/photo/07/20160225_Lavandula01.jpg
lion_cache_128.jpg,https://www.liontravel.com/Comm/2TRS/HotSale/photo/07/20170322_hokuryu.jpg
lion_cache_129.jpg,https://www.liontravel.com/Comm/2TRS/HotSale/photo/07/20160317_PRINCE.jpg
lion_cache_130.jpg,https://www.liontravel.com/Comm/2TRS/HotSale/photo/07/201804/727x402_Hakodate_1_0718.jpg
lion_cache_131.jpg,https://www.liontravel.com/Comm/2TRS/HotSale/photo/07/2016JH_121801.jpg
lion_cache_132.jpg,https://www.liontravel.com/Comm/2TRS/HotSale/photo/07/20160503_MAPLE_JH.jpg
lion_cache_133.jpg,https://www.liontravel.com/Comm/2TRS/HotSale/photo/07/kosya_170517.jpg
lion_cache_134.jpg,https://www.liontravel.com/Comm/2TRS/HotSale/photo/14/20160819HERT0901.jpg
lion_cache_135.jpg,https://www.liontravel.com/Comm/2TRS/HotSale/photo/14/20161216ski727x190.jpg
lion_cache_136.jpg,https://www.liontravel.com/Comm/2TRS/HotSale/photo/14/20170301_GG_727x190.jpg
lion_cache_137.jpg,https://www.liontravel.com/Comm/2TRS/HotSale/photo/14/20160819_LOTTE03.jpg
lion_cache_138.jpg,https://www.liontravel.com/Comm/2khh/photo/06/20160819-khh.jpg
lion_cache_139.jpg,http://www.liontravel.com/Comm/2khh/photo/06/20160725.jpg
lion_cache_140.jpg,https://www.liontravel.com/Comm/2TRS/HotSale/photo/14/20161005Blanket727x190.jpg
lion_cache_141.jpg,https://www.liontravel.com/Comm/2TRS/HotSale/photo/14/20160818HEARTCUP.jpg
lion_cache_142.jpg,https://www.liontravel.com/Comm/2TRS/HotSale/photo/14/20160817_wifihero727x900_4.jpg
lion_cache_143.jpg,https://www.liontravel.com/Comm/2TRS/HotSale/photo/14/20151020_1.jpg
lion_cache_144.jpg,https://www.liontravel.com/Comm/2TRS/HotSale/photo/14/20160922_KTX_727x402.jpg
lion_cache_145.jpg,http://www.liontravel.com/Comm/2TRS/HotSale/photo/14/20101217Busan02.jpg
lion_cache_146.jpg,https://www.liontravel.com/Comm/2TRS/HotSale/photo/14/2013112502.jpg
lion_cache_147.jpg,https://www.liontravel.com/Comm/2TRS/HotSale/photo/14/Busan_Harbor_Bridge01.jpg
lion_cache_148.jpg,https://www.liontravel.com/Comm/2TRS/HotSale/photo/14/20161013_727x190_2017chicken.jpg
lion_cache_149.jpg,https://www.liontravel.com/Comm/2khh/photo/06/20161005.jpg
lion_cache_150.jpg,https://www.liontravel.com/Comm/2TRS/HotSale/photo/14/20180901_jetfi.jpg
lion_cache_151.jpg,https://www.liontravel.com/Comm/2TRS/HotSale/photo/14/20150211KR.jpg
lion_cache_152.jpg,https://www.liontravel.com/Comm/2TRS/HotSale/photo/14/20170221_china_airlines_727x150_40K_6.jpg
lion_cache_153.jpg,https://www.liontravel.com/Comm/2khh/photo/hot/20160907-727.jpg
lion_cache_154.JPG,https://www.liontravel.com/Comm/2TRS/HotSale/photo/14/20160616_EVERLAND.JPG
lion_cache_155.jpg,https://www.liontravel.com/Comm/2TRS/HotSale/photo/14/20170603_KORWIFI_727x190.jpg
lion_cache_156.jpg,https://www.liontravel.com/Comm/2TRS/HotSale/photo/14/20160819_LOTTE01.jpg
lion_cache_157.jpg,https://www.liontravel.com/Comm/2TRS/HotSale/photo/14/20170515_Super_Cool_727x190.jpg
lion_cache_158.jpg,https://www.liontravel.com/Comm/2TRS/HotSale/photo/14/20170627_Chomsongdaechocolate_727x190.jpg
lion_cache_159.jpg,https://www.liontravel.com/Comm/2khh/photo/06/20170726-1.jpg
lion_cache_160.jpg,https://www.liontravel.com/Comm/2TRS/HotSale/photo/14/20171012_EVER_LINE.jpg
lion_cache_161.jpg,https://www.liontravel.com/Comm/2TRS/HotSale/photo/14/20171012_WINTERP.jpg
lion_cache_162.jpg,https://www.liontravel.com/Comm/2TRS/HotSale/photo/14/20170626_AsianaAirlines_727x190_2.jpg
lion_cache_163.jpg,https://www.liontravel.com/Comm/2khh/photo/06/201710172.jpg
lion_cache_164.jpg,https://www.liontravel.com/Comm/2TRS/HotSale/photo/07/20161108_BR.jpg
lion_cache_165.jpg,http://www.liontravel.com/Comm/2TRS/HotSale/photo/14/jeju_10052702.jpg
lion_cache_166.jpg,https://www.liontravel.com/Comm/2TRS/HotSale/photo/14/20170224JIJU.jpg
lion_cache_167.jpg,http://www.liontravel.com/Comm/2TRS/HotSale/photo/JP_FREE.jpg
lion_cache_168.jpg,https://www.liontravel.com/Comm/2TRS/HotSale/photo/07/2017021820170218_IKEI_OKINAWA.jpg
lion_cache_169.jpg,https://www.liontravel.com/Comm/2TRS/HotSale/photo/07/okinawa_2010031503.jpg
lion_cache_170.jpg,http://www.liontravel.com/Comm/2TRS/HotSale/photo/07/okinawa_2010031503.jpg
lion_cache_171.jpg,https://www.liontravel.com/Comm/2TRS/HotSale/photo/07/20161110churaumi.jpg
lion_cache_172.jpg,http://www.liontravel.com/Comm/2TRS/HotSale/photo/07/20130312_NGO.jpg
lion_cache_173.jpg,https://www.liontravel.com/Comm/2TRS/HotSale/photo/07/20161115Tateyama-Kurobe.jpg
lion_cache_174.jpg,https://www.liontravel.com/Comm/2TRS/HotSale/photo/07/20151110JH.jpg
lion_cache_175.jpg,http://www.liontravel.com/Comm/2TRS/Theme/royal/test123/scenic/banner.jpg
lion_cache_176.jpg,https://www.liontravel.com/Comm/2TRS/HotSale/photo/07/20170202_LEGO.jpg
lion_cache_177.jpg,https://www.liontravel.com/Comm/2TRS/HotSale/photo/07/20160512_alpen_route.jpg
lion_cache_178.jpg,https://www.liontravel.com/Comm/2TRS/HotSale/photo/07/logo_20170202.jpg
lion_cache_179.jpg,https://www.liontravel.com/Comm/2TRS/HotSale/photo/07/20170125sainokuni_kanko.jpg
lion_cache_180.jpg,https://www.liontravel.com/Comm/2TRS/HotSale/photo/07/20170413_Rasse.jpg
lion_cache_181.jpg,https://www.liontravel.com/Comm/2TRS/HotSale/photo/07/winterplay_logo.jpg
lion_cache_182.jpg,https://www.liontravel.com/Comm/2TRS/HotSale/photo/07/20170713_AOMOLI.jpg
lion_cache_183.jpg,http://www.liontravel.com/Comm/2TRS/HotSale/photo/07/07toyko.jpg
lion_cache_184.jpg,https://www.liontravel.com/Comm/2TRS/HotSale/photo/07/20131008.jpg
lion_cache_185.jpg,https://www.liontravel.com/Comm/2khh/photo/06/20180719-2.jpg
lion_cache_186.jpg,http://www.liontravel.com/Comm/2TRS/HotSale/photo/07/121030_cupnoodles.jpg
lion_cache_187.gif,http://www.liontravel.com/Comm/2TRS/HotSale/photo/07/2012051001.gif
lion_cache_188.jpg,https://www.liontravel.com/Comm/2TRS/HotSale/photo/07/20160316_YUKATA.jpg
lion_cache_189.jpg,https://www.liontravel.com/Comm/2TRS/HotSale/photo/07/20160121_SAKURA.jpg
lion_cache_190.jpg,https://www.liontravel.com/Comm/2TRS/HotSale/photo/07/20170215_06HANA.jpg
lion_cache_191.jpg,https://www.liontravel.com/Comm/2TRS/HotSale/photo/07/20171113_domehotelR.jpg
lion_cache_192.jpg,https://www.liontravel.com/Comm/2TRS/HotSale/photo/F3/airfit_161205.jpg
lion_cache_193.jpg,http://www.liontravel.com/Comm/2TRS/HotSale/photo/07/2011083001.jpg
lion_cache_194.jpg,https://www.liontravel.com/Comm/2TRS/HotSale/photo/07/20170424_DOM.jpg
lion_cache_195.jpg,https://www.liontravel.com/Comm/2TRS/HotSale/photo/07/jp/180704-4.jpg
lion_cache_196.jpg,https://www.liontravel.com/Comm/2TRS/HotSale/photo/07/20170426_alpen_route.jpg
lion_cache_197.jpg,https://www.liontravel.com/Comm/2TRS/HotSale/photo/07/20160316_Shizuoka.jpg
lion_cache_198.jpg,https://www.liontravel.com/Comm/2TRS/HotSale/photo/07/20170823.jpg
lion_cache_199.jpg,https://www.liontravel.com/Comm/2TRS/HotSale/photo/20170829_jetfiJP.jpg
lion_cache_200.jpg,https://www.liontravel.com/Comm/2TRS/HotSale/photo/07/20140122TAMA.jpg
lion_cache_201.jpg,https://www.liontravel.com/Comm/2TRS/HotSale/photo/07/2016082601.jpg
lion_cache_202.jpg,https://www.liontravel.com/Comm/2TRS/HotSale/photo/07/20160205_kansai_DORMYINN_PREMIUM.jpg
lion_cache_203.jpg,https://www.liontravel.com/Comm/2TRS/HotSale/photo/07/20160503_HARUKAS.jpg
lion_cache_204.jpg,https://www.liontravel.com/Comm/2TRS/HotSale/photo/07/HILTON20161203.jpg
lion_cache_205.jpg,https://www.liontravel.com/Comm/2TRS/HotSale/photo/07/20131017WN.jpg
lion_cache_206.jpg,https://www.liontravel.com/Comm/2TRS/HotSale/photo/07/USJ.jpg
lion_cache_207.jpg,https://www.liontravel.com/Comm/2TRS/HotSale/photo/07/20160107_Osaka_Teikoku_Hotel.jpg
lion_cache_208.jpg,https://www.liontravel.com/Comm/2TRS/HotSale/photo/07/20170906_FLAGSHIP01.jpg
lion_cache_209.jpg,https://www.liontravel.com/Comm/2TRS/HotSale/photo/07/20160614_expocity.jpg
lion_cache_210.jpg,https://www.liontravel.com/Comm/2TRS/HotSale/photo/07/20170123_wafuku.jpg
lion_cache_211.jpg,https://www.liontravel.com/Comm/2TRS/HotSale/photo/07/20160926_Moving.jpg
lion_cache_212.jpg,https://www.liontravel.com/Comm/2TRS/HotSale/photo/07/20161024_TAMA.jpg
lion_cache_213.jpg,https://www.liontravel.com/Comm/2TRS/HotSale/photo/07/HARUKAS2015.jpg
lion_cache_214.jpg,https://www.liontravel.com/Comm/2TRS/HotSale/photo/07/20170125_TABEHODAI.jpg
lion_cache_215.jpg,https://www.liontravel.com/Comm/2TRS/HotSale/photo/07/20170206_kansai.jpg
lion_cache_216.jpg,https://www.liontravel.com/Comm/2TRS/HotSale/photo/07/2015052201_jp.jpg
lion_cache_217.jpg,https://www.liontravel.com/Comm/2khh/photo/06/20160531.jpg
lion_cache_218.jpg,https://www.liontravel.com/Comm/2TRS/HotSale/photo/07/727x600_Kumano_0527.jpg
lion_cache_219.jpg,https://www.liontravel.com/Comm/2TRS/HotSale/photo/07/20160121_SJX16KKSK4.jpg
lion_cache_220.jpg,https://www.liontravel.com/Comm/2TRS/HotSale/photo/07/20170109_727x402_Osakasakura.jpg
lion_cache_221.jpg,https://www.liontravel.com/Comm/2TRS/HotSale/photo/07/20160112_NARA.jpg
lion_cache_222.jpg,https://www.liontravel.com/Comm/2TRS/HotSale/photo/07/20160121_SJX6KKS172.jpg
lion_cache_223.jpg,http://www.liontravel.com/Comm/2TRS/HotSale/photo/07/20160112_NARA.jpg
lion_cache_224.jpg,https://www.liontravel.com/Comm/2TRS/HotSale/photo/07/20160121_SJX5KK178F.jpg
lion_cache_225.jpg,https://www.liontravel.com/Comm/2TRS/HotSale/photo/07/20160121_SJX6KKSUSJ.jpg
lion_cache_226.jpg,https://www.liontravel.com/Comm/2TRS/HotSale/photo/07/2015JP_SAKURA02.jpg
lion_cache_227.jpg,https://www.liontravel.com/Comm/2TRS/HotSale/photo/07/20170109_727x402_OsakaWisteria.jpg
lion_cache_228.jpg,https://www.liontravel.com/Comm/2TRS/HotSale/photo/07/727x600_Kiihanto_0527.jpg
lion_cache_229.jpg,https://www.liontravel.com/Comm/2TRS/HotSale/photo/07/70_727x600_20160419-inetown.jpg
lion_cache_230.jpg,https://www.liontravel.com/Comm/2TRS/HotSale/photo/07/JP2014121101.jpg
lion_cache_231.jpg,https://www.liontravel.com/Comm/2TRS/HotSale/photo/07/20170518_osaka-FPHOTELS.jpg
lion_cache_232.jpg,https://www.liontravel.com/Comm/2khh/photo/06/20151204_6.jpg
lion_cache_233.jpg,https://www.liontravel.com/Comm/2TRS/HotSale/photo/07/2015022401.jpg
lion_cache_234.jpg,https://www.liontravel.com/Comm/2TRS/HotSale/photo/07/20170508_01.jpg
lion_cache_235.jpg,https://www.liontravel.com/Comm/2TRS/HotSale/photo/07/20161208kyoto_illumiere.jpg
lion_cache_236.jpg,https://www.liontravel.com/Comm/2TRS/HotSale/photo/07/20170920_koberuminarie.jpg
lion_cache_237.jpg,https://www.liontravel.com/Comm/2TRS/HotSale/photo/07/20170727_Todai_Ji.jpg
lion_cache_238.jpg,http://www.liontravel.com/Comm/2TRS/HotSale/photo/07/20150729KIXmaple.jpg
lion_cache_239.JPG,http://www.liontravel.com/Comm/2TRS/HotSale/photo/07/MAPLE1.JPG
lion_cache_240.jpg,https://www.liontravel.com/Comm/2TRS/HotSale/photo/07/20170913_KYOTO_MAPLE.jpg
lion_cache_241.gif,http://www.liontravel.com/Comm/2TRS/HotSale/photo/07/2013maple.gif
lion_cache_242.jpg,https://www.liontravel.com/Comm/2TRS/HotSale/photo/07/20170727_Kiyomizu_dera.jpg
lion_cache_243.jpg,https://www.liontravel.com/Comm/2khh/photo/06/20170626.jpg
lion_cache_244.jpg,https://www.liontravel.com/Comm/2TRS/HotSale/photo/07/20170823_Halloween.jpg
lion_cache_245.jpg,http://www.liontravel.com/Comm/2TRS/HotSale/photo/07/727x402_Dogo-onsen_0513.jpg
lion_cache_246.gif,http://www.liontravel.com/Comm/2TRS/HotSale/photo/07/20130129.gif
lion_cache_247.jpg,https://www.liontravel.com/Comm/2TRS/HotSale/photo/07/20170210_michelin1360.jpg
lion_cache_248.jpg,http://www.liontravel.com/Comm/2TRS/HotSale/photo/07/092601.jpg
lion_cache_249.jpg,https://www.liontravel.com/Comm/2TRS/HotSale/photo/07/20161109_sanyo_sanin.jpg
lion_cache_250.jpg,https://www.liontravel.com/Comm/2TRS/HotSale/photo/07/20170120_SAKURA.jpg
lion_cache_251.jpg,https://www.liontravel.com/Comm/2TRS/HotSale/photo/07/727x900_ritsurinkoen_0519.jpg
lion_cache_252.jpg,https://www.liontravel.com/Comm/2TRS/HotSale/photo/07/20160823_OKAYAMA.jpg
lion_cache_253.jpg,https://www.liontravel.com/Comm/2TRS/HotSale/photo/03/20161201_1.jpg
lion_cache_254.jpg,https://www.liontravel.com/Comm/2TRS/HotSale/photo/03/2016cnnz.jpg
lion_cache_255.jpg,http://www.liontravel.com/Comm/2TRS/HotSale/photo/11/20151223_1.jpg
lion_cache_256.jpg,http://www.liontravel.com/Comm/2TRS/HotSale/photo/08/20161108_1.jpg
lion_cache_257.jpg,https://www.liontravel.com/Comm/2khh/photo/07/20170329-1.jpg
lion_cache_258.jpg,https://www.liontravel.com/Comm/2TRS/HotSale/photo/03/0518TARONGA.jpg
lion_cache_259.jpg,https://www.liontravel.com/Comm/2TRS/HotSale/photo/03/2016wn10000.jpg
lion_cache_260.jpg,https://www.liontravel.com/Comm/2TRS/HotSale/photo/03/2016cn10000.jpg
lion_cache_261.jpg,https://www.liontravel.com/Comm/2TRS/HotSale/photo/03/20150401.jpg
lion_cache_262.jpg,https://www.liontravel.com/Comm/2TRS/HotSale/photo/03/20180820.jpg
lion_cache_263.jpg,https://www.liontravel.com/Comm/2TRS/HotSale/photo/03/20140324.jpg
lion_cache_264.jpg,http://www.liontravel.com/Comm/2TRS/HotSale/photo/03/20170516.jpg
lion_cache_265.jpg,https://www.liontravel.com/Comm/2TRS/HotSale/photo/03/2016wn6000.jpg
lion_cache_266.jpg,https://www.liontravel.com/Comm/2TRS/HotSale/photo/03/happiness_in_oceania.jpg
lion_cache_267.jpg,http://www.liontravel.com/Comm/2TRS/HotSale/photo/03/20170427.jpg
lion_cache_268.jpg,http://www.liontravel.com/Comm/2TRS/HotSale/photo/03/20170927.jpg
lion_cache_269.jpg,http://www.liontravel.com/Comm/2TRS/HotSale/photo/03/20171127.jpg
lion_cache_270.jpg,http://www.liontravel.com/Comm/2TRS/HotSale/photo/10/20161114_1.jpg
lion_cache_271.jpg,http://www.liontravel.com/Comm/2TRS/HotSale/photo/08/20161104_1.jpg
lion_cache_272.jpg,http://www.liontravel.com/Comm/2TRS/HotSale/photo/10/20160830_1.jpg
lion_cache_273.jpg,https://www.liontravel.com/Comm/2TRS/HotSale/photo/10/20120323.jpg
lion_cache_274.jpg,https://www.liontravel.com/Comm/2khh/photo/07/20170616-3.jpg
lion_cache_275.jpg,http://www.liontravel.com/Comm/2TRS/HotSale/photo/10/20170419_1.jpg
lion_cache_276.jpg,http://www.liontravel.com/Comm/2TRS/HotSale/photo/11/20171121_1.jpg
lion_cache_277.jpg,http://www.liontravel.com/Comm/2TRS/HotSale/photo/11/20180417_1.jpg
lion_cache_278.jpg,http://www.liontravel.com/Comm/2TRS/HotSale/photo/11/20171121_2.jpg
lion_cache_279.jpg,http://www.liontravel.com/Comm/2TRS/HotSale/photo/11/20160322_1.jpg
lion_cache_280.jpg,https://www.liontravel.com/Comm/2TRS/HotSale/photo/golden2012.jpg
lion_cache_281.gif,https://www.liontravel.com/Comm/2TRS/HotSale/photo/11/angkor-1.gif
lion_cache_282.jpg,https://www.liontravel.com/Comm/2TRS/HotSale/photo/FUNTRAVEL.jpg
lion_cache_283.jpg,https://www.liontravel.com/Comm/2TRS/HotSale/photo/11/20131108_2.jpg
lion_cache_284.gif,https://www.liontravel.com/Comm/2TRS/HotSale/photo/09/20150624_1.gif
lion_cache_285.jpg,https://www.liontravel.com/Comm/2khh/photo/07/20180504-1.jpg
lion_cache_286.jpg,http://www.liontravel.com/Comm/2TRS/HotSale/photo/09/20160505_1.jpg
lion_cache_287.jpg,http://www.liontravel.com/Comm/2TRS/HotSale/photo/09/20161027_1.jpg
lion_cache_288.jpg,http://www.liontravel.com/Comm/2TRS/HotSale/photo/09/20170310_2.jpg
lion_cache_289.jpg,https://www.liontravel.com/Comm/2khh/photo/07/20161101-07-1.jpg
lion_cache_290.jpg,https://www.liontravel.com/Comm/2khh/photo/07/20160107-2.jpg
lion_cache_291.jpg,https://www.liontravel.com/comm/2khh/photo/07/20160607-1.jpg
lion_cache_292.gif,https://www.liontravel.com/Comm/2TRS/HotSale/photo/09/20140401_3.gif
lion_cache_293.jpg,http://www.liontravel.com/Comm/2TRS/HotSale/photo/09/20150730_1.jpg
lion_cache_294.jpg,https://www.liontravel.com/Comm/2khh/photo/07/20180504-3.jpg
lion_cache_295.jpg,http://www.liontravel.com/Comm/2TRS/HotSale/photo/09/20170818_2.jpg
lion_cache_296.jpg,http://www.liontravel.com/Comm/2TRS/HotSale/photo/09/20170509_1.jpg
lion_cache_297.jpg,https://www.liontravel.com/Comm/2khh/photo/07/20180504-2.jpg
lion_cache_298.jpg,http://www.liontravel.com/Comm/2TRS/HotSale/photo/09/20170628_2.jpg
lion_cache_299.jpg,https://www.liontravel.com/Comm/2TRS/HotSale/photo/09/20140616_4.jpg
lion_cache_300.jpg,http://www.liontravel.com/Comm/2TRS/HotSale/photo/08/20170824SOUTHEASTASIA.jpg
lion_cache_301.jpg,https://www.liontravel.com/Comm/2khh/photo/07/20161101-07.jpg
lion_cache_302.jpg,http://www.liontravel.com/Comm/2TRS/HotSale/photo/08/20150402_1.jpg
lion_cache_303.jpg,http://www.liontravel.com/Comm/2TRS/HotSale/photo/08/20161209_4.jpg
lion_cache_304.jpg,https://www.liontravel.com/Comm/2khh/photo/07/20160622-2.jpg
lion_cache_305.jpg,https://www.liontravel.com/Comm/2khh/photo/07/20170410.jpg
lion_cache_306.jpg,https://www.liontravel.com/Comm/2khh/photo/07/20151215-2.jpg
lion_cache_307.jpg,https://www.liontravel.com/Comm/2khh/photo/07/20170322-4.jpg
lion_cache_308.jpg,https://www.liontravel.com/Comm/2khh/photo/07/20170320.jpg
lion_cache_309.jpg,https://www.liontravel.com/Comm/2khh/photo/07/20170718.jpg
lion_cache_310.jpg,https://www.liontravel.com/Comm/2khh/photo/07/20170721-1.jpg
lion_cache_311.jpg,https://www.liontravel.com/Comm/2khh/photo/07/20151125.jpg
lion_cache_312.jpg,https://www.liontravel.com/Comm/2khh/photo/07/20170815.jpg
lion_cache_313.jpg,http://www.liontravel.com/Comm/2khh/photo/07/vietnambear.jpg
lion_cache_314.pdf,http://www.liontravel.com/comm/2trs/hotsale/photo/11/vietnam1.pdf
lion_cache_315.jpg,http://www.liontravel.com/Comm/2TRS/HotSale/photo/11/20170517_1.jpg
lion_cache_316.jpg,https://www.liontravel.com/Comm/2khh/photo/07/20180208.jpg
lion_cache_317.gif,https://www.liontravel.com/Comm/2khh/photo/07/20150916.gif
lion_cache_318.gif,https://www.liontravel.com/Comm/2TRS/HotSale/photo/11/20140508_2.gif
lion_cache_319.jpg,https://www.liontravel.com/Comm/2khh/photo/07/20170511.jpg
lion_cache_320.jpg,https://www.liontravel.com/Comm/2TRS/HotSale/photo/20170829_jetfiA_727.jpg
lion_cache_321.jpg,https://www.liontravel.com/Comm/2TRS/HotSale/photo/09/20171109_jetfi_880.jpg
